{
  "Mizoram": 89.06492783403246,
  "Tamil Nadu": 82.0878890257268,
  "Madhya Pradesh": 12.006868822254768,
  "Maharashtra": 63.85492607630332,
  "Chhattisgarh": 93.76454715437805,
  "Gujarat": 87.68726228826056,
  "Odisha": 77.10197964092083,
  "Andhra Pradesh": 62.74157192191827,
  "Karnataka": 2.8182671771138867,
  "Goa": 52.75231751788449,
  "Kerala": 96.92879282487772,
  "Telangana": 56.55909701639299,
  "West Bengal": 41.48061288748968,
  "Dadra and Nagar Haveli and Daman and Diu": 0.45489053305607374,
  "Puducherry": 44.44520598572714,
  "Arunachal Pradesh": 94.32318814108147,
  "Assam": 33.02620445546507,
  "Nagaland": 1.7109111698523805,
  "Meghalaya": 29.452349037548696,
  "Manipur": 23.505776522550548,
  "Tripura": 18.556336722478605,
  "Andaman and Nicobar Islands": 15.303661883953534,
  "Uttar Pradesh": 20.725312718959522,
  "Rajasthan": 38.79051736697357,
  "Delhi": 12.24236828644023,
  "Haryana": 93.02567924598388,
  "Sikkim": 20.708725063324152,
  "Bihar": 34.72002166173822,
  "Jharkhand": 99.85309329317238,
  "Ladakh": 8.236345015793312,
  "Jammu and Kashmir": 95.56728741971712,
  "Himachal Pradesh": 88.20799591425279,
  "Punjab": 90.4993051089273,
  "Uttarakhand": 30.938783722814712,
  "Chandigarh": 0.7178504630605209,
  "Lakshadweep": 4.922333475355023
}